batch,date,personKey,method,methodDetails,amount,fund,notes
1,6/28/2020,1,Cash,,150,General Fund,
1,6/28/2020,,Cash,,100,General Fund,
1,6/28/2020,2,Check,101,250,Van Fund,
1,6/28/2020,2,Check,101,250,General Fund,
1,6/28/2020,3,Card,1234,400,General Fund,
1,6/28/2020,4,Cash,,50,Van Fund,
1,6/28/2020,5,Check,543,200,General Fund,
1,6/28/2020,6,Cash,,80,General Fund,
2,7/5/2020,5,Cash,,150,General Fund,
2,7/5/2020,6,Cash,,100,General Fund,
2,7/5/2020,7,Check,256,250,Van Fund,
2,7/5/2020,8,Check,382,250,General Fund,
2,7/5/2020,3,Card,1234,400,General Fund,
2,7/5/2020,10,Cash,,500,Van Fund,In memory of Sue Smith
2,7/5/2020,11,Check,543,200,General Fund,
2,7/5/2020,12,Cash,,80,General Fund,
